Extracted:,"United Nations High Commissioner for Refugees"
"Date extracted:","13/01/2024 01:12"
"Last updated:","13/01/2024 01:12"
"Some data presented may differ from statistics published previously due to retroactive changes or the inclusion of previously unavailable data."

"Data table contains the following:",Solutions
"Data table contains the following:",Solutions
"Content type","Total flow figures"
"Data quick link",https://www.unhcr.org/refugee-statistics/download/?url=TeM06v
"Data definitions",https://www.unhcr.org/refugee-statistics/methodology/
"Usage licence",https://creativecommons.org/licenses/by/4.0/
"Solution types included","RET,RDP,RST,NAT"
Years:
Origin:
"Country of asylum:"
Year,"Country of origin","Country of origin (ISO)","Country of asylum","Country of asylum (ISO)","Returned refugees","Returned IDPss","Resettlement arrivals",Naturalisation
2018,-,-,-,-,519321,2312926,92348,62537
2019,-,-,-,-,317181,5343793,107729,54941
2020,-,-,-,-,250951,3184118,34383,33746
2021,-,-,-,-,429234,5265622,57436,56585
2022,-,-,-,-,1356261,8324166,114242,50205
2023,-,-,-,-,404001,2672026,59487,20455
